202,https://learn.stanford.edu/
202,https://online.stanford.edu/programs/artificial-intelligence-graduate-certificate/
202,https://www.eurekalert.org/news-releases/1055133
202,https://www.imdb.com/name/nm0000092/
202,https://www.imdb.com/name/nm0000120/
202,https://www.imdb.com/name/nm0000134/
202,https://www.imdb.com/name/nm0000188/
202,https://www.imdb.com/name/nm0000196/
202,https://www.imdb.com/name/nm0000199/
202,https://www.imdb.com/name/nm0000501/
202,https://www.imdb.com/name/nm0000582/
202,https://www.imdb.com/name/nm0000619/
202,https://www.imdb.com/name/nm0000634/
202,https://www.imdb.com/name/nm0000697/
202,https://www.imdb.com/name/nm0001552/
202,https://www.imdb.com/name/nm0001642/
202,https://www.imdb.com/name/nm0001674/
202,https://www.imdb.com/name/nm0005413/
202,https://www.imdb.com/name/nm0052050/
202,https://www.imdb.com/name/nm0175781/
202,https://www.imdb.com/name/nm0178719/
202,https://www.imdb.com/name/nm0179537/
202,https://www.imdb.com/name/nm0249528/
202,https://www.imdb.com/name/nm0254224/
202,https://www.imdb.com/name/nm0497659/
202,https://www.imdb.com/name/nm0562201/
202,https://www.imdb.com/name/nm0603707/
202,https://www.imdb.com/name/nm0799777/
202,https://www.imdb.com/name/nm0939659/
202,https://www.imdb.com/title/tt0063929/
202,https://www.imdb.com/title/tt0071230/
202,https://www.imdb.com/title/tt0072520/
202,https://www.imdb.com/title/tt0078991/
202,https://www.imdb.com/title/tt0081349/
202,https://www.imdb.com/title/tt0081505/
202,https://www.imdb.com/title/tt0081846/
202,https://www.imdb.com/title/tt0081984/
202,https://www.imdb.com/title/tt0084867/
202,https://www.imdb.com/title/tt0090103/
202,https://www.imdb.com/title/tt0090176/
202,https://www.imdb.com/title/tt0090605/
202,https://www.imdb.com/title/tt0093748/
202,https://www.imdb.com/title/tt0099685/
202,https://www.imdb.com/title/tt0109686/
202,https://www.imdb.com/title/tt0172495/
202,https://www.imdb.com/title/tt0292509/
202,https://www.imdb.com/title/tt0499549/
202,https://www.imdb.com/title/tt0500513/
202,https://www.imdb.com/title/tt0816692/
202,https://www.imdb.com/title/tt1630029/
202,https://www.imdb.com/title/tt2582802/
202,https://www.imdb.com/title/tt2719848/
202,https://www.imdb.com/title/tt3460252/
202,https://www.imdb.com/title/tt4786824/
400,https://ai.meta.com/
400,https://ai.meta.com/llama/
400,https://www.llama.com/
400,https://www.meta.com/
400,https://www.meta.com/llama/
403,https://abc.xyz/
403,https://adscale.com/
403,https://arbitrum.io/
403,https://ask.video/
403,https://ask.video/library/application/cubase
403,https://ask.video/library/application/maschine
403,https://bertha.ai/
403,https://cf1.zzounds.com/media/productmedia/fit%2C2018by3200/quality%2C85/Digitakt-II-top-transperent_copy_883901-1aaa626c02a60d93deeaeb35045d90ad.jpg
403,https://chat.mistral.ai/
403,https://chatgpt.com/
403,https://claude.ai/
403,https://claude.ai/design
403,https://claude.ai/directory/connectors/ant.dir.gh.ableton.ableton-knowledge
403,https://consensus.app/
403,https://docs.paperless-ngx.com/
403,https://dolphin-emu.org/
403,https://eightify.app/
403,https://equipboard.com/posts/best-dj-software
403,https://gamma.app/
403,https://ideogram.ai/
403,https://leonardo.ai/
403,https://macprovideo.com/library/application/Ableton
403,https://magnific.ai/
403,https://medium.com/@aftab001x/openclaw-just-beat-reacts-10-year-github-record-in-60-days-now-nobody-knows-what-to-do-with-it-937b8f370507
403,https://medium.com/@OneBlockplus/polkadot-december-2025-report-the-product-year-ahead-040a78b23cf9
403,https://medium.com/@reliabledataengineering/data-contracts-in-practice-what-50-production-implementations-actually-look-like-f1c953336bf2
403,https://medium.com/polkadot-network/polkadot-2023-roundup-7fe77d88f022
403,https://medium.com/polkadot-network/polkadot-roundup-2025-3c3c71c7e9c4
403,https://mgx.ae/
403,https://midjourney.com
403,https://mixwiththemasters.com/
403,https://mixwiththemasters.com/masters
403,https://mixwiththemasters.com/videos
403,https://nordvpn.com/
403,https://openai.com/
403,https://openai.com/api/pricing/
403,https://openai.com/blog/navigating-the-challenges-and-opportunities-of-synthetic-voices
403,https://openai.com/chatgpt/pricing/
403,https://openai.com/index/dall-e-3/
403,https://openai.com/index/gpt-4o-mini-advancing-cost-efficient-intelligence/
403,https://openai.com/index/hello-gpt-4o/
403,https://openai.com/index/introducing-chatgpt-images-2-0/
403,https://openai.com/index/introducing-gpt-5-5/
403,https://openai.com/index/sora-2/
403,https://openai.com/index/whisper/
403,https://openai.com/pricing
403,https://openai.com/research/
403,https://openai.com/research/gpt-4
403,https://openai.com/sora/
403,https://oxiinstruments.com/oxi-one
403,https://plus.pointblankmusicschool.com/
403,https://poe.com/
403,https://prestodb.io/
403,https://realpython.com/
403,https://realpython.com/ollama/
403,https://reverb.com/uk/news/the-5-best-hardware-sequencers-for-your-rig
403,https://techxplore.com/news/2024-02-proof-ai.html
403,https://uk.presonus.com/pages/studio-one-pro
403,https://us.macmillan.com/books/9781250159618/theinfluentialmind/
403,https://www.adriel.com/
403,https://www.allmusic.com/album
403,https://www.ask.video/library/application/Ableton
403,https://www.avid.com/pro-tools
403,https://www.bloomberg.com/
403,https://www.bloomberg.com/news/articles/2026-04-21/spacex-says-has-agreement-to-acquire-cursor-for-60-billion
403,https://www.bloomberg.com/news/videos/2026-05-29/anthropic-valuation-of-965-billion-passes-openai-video
403,https://www.britannica.com/biography/Canute-I
403,https://www.britishmuseum.org/
403,https://www.calm.com/
403,https://www.classcentral.com/
403,https://www.classcentral.com/course/independent-elements-of-ai-12469/
403,https://www.classcentral.com/subject/data-engineering
403,https://www.classcentral.com/subject/data-science
403,https://www.classcentral.com/subject/databricks
403,https://www.classcentral.com/subject/midjourney/
403,https://www.codecademy.com/
403,https://www.commanderx16.com/
403,https://www.datacamp.com/
403,https://www.datacamp.com/courses/ai-fundamentals
403,https://www.datacamp.com/courses/building-data-engineering-pipelines-in-python/
403,https://www.datacamp.com/courses/database-design/
403,https://www.datacamp.com/courses/etl-in-python/
403,https://www.datacamp.com/courses/introduction-to-airflow-in-python/
403,https://www.datacamp.com/courses/introduction-to-chatgpt
403,https://www.datacamp.com/courses/introduction-to-data-engineering/
403,https://www.datacamp.com/courses/introduction-to-data-science-in-python/
403,https://www.datacamp.com/courses/introduction-to-databricks
403,https://www.datacamp.com/courses/introduction-to-docker/
403,https://www.datacamp.com/courses/nosql-concepts/
403,https://www.datacamp.com/courses/python-data-science-toolbox-part-1/
403,https://www.datacamp.com/courses/streaming-concepts/
403,https://www.datacamp.com/courses/understanding-data-engineering/
403,https://www.datacamp.com/podcast
403,https://www.datacamp.com/tutorial/comprehensive-guide-to-databricks-lakehouse-ai
403,https://www.datacamp.com/tutorial/introduction-to-databricks
403,https://www.dell.com/en-uk/
403,https://www.desertcart.com.om/products/150036835-smart-scales-mpow-bluetooth-weighing-scales-body-fat-scales-digital-bmi-bathroom-scales-precision-body-composition-analyzer-for-13-physical-body-data-weight-bmi-muscle-etc-by-app-for-fitness-tracking
403,https://www.discogs.com/search
403,https://www.futurelearn.com/
403,https://www.futurelearn.com/courses/artificial-intelligence/
403,https://www.gmc-uk.org/
403,https://www.intel.com/content/www/us/en/developer/tools/trust-domain-extensions/overview.html
403,https://www.iwm.org.uk/
403,https://www.jstor.org/stable/3679620
403,https://www.macprovideo.com/
403,https://www.macprovideo.com/library/application/maschine
403,https://www.masterclass.com/classes/armin-van-buuren-teaches-dance-music
403,https://www.masterclass.com/classes/deadmau5-teaches-electronic-music-production
403,https://www.masterclass.com/classes/timbaland-teaches-producing-and-beatmaking
403,https://www.midjourney.com/
403,https://www.minimal.audio/
403,https://www.minimal.audio/products/current
403,https://www.minimal.audio/products/rift
403,https://www.minimal.audio/products/rift-filter-lite
403,https://www.native-instruments.com
403,https://www.native-instruments.com/en/
403,https://www.native-instruments.com/en/catalog/djing/
403,https://www.native-instruments.com/en/catalog/summer-of-sound-2023/instruments-effects/
403,https://www.native-instruments.com/en/catalog/summer-of-sound-2023/izotope/
403,https://www.native-instruments.com/en/catalog/summer-of-sound-2023/komplete-bundles/
403,https://www.native-instruments.com/en/catalog/summer-of-sound-2023/traktor/
403,https://www.native-instruments.com/en/products/komplete/audio-interfaces/komplete-audio-6/
403,https://www.native-instruments.com/en/products/komplete/bundles/komplete-14-ultimate/
403,https://www.native-instruments.com/en/products/komplete/keyboards/komplete-kontrol-m32/
403,https://www.native-instruments.com/en/products/komplete/keyboards/kontrol-s49-s61-s88/
403,https://www.native-instruments.com/en/products/komplete/samplers/kontakt-8/
403,https://www.native-instruments.com/en/products/komplete/synths/absynth-6/
403,https://www.native-instruments.com/en/products/komplete/synths/fm8/
403,https://www.native-instruments.com/en/products/komplete/synths/massive/
403,https://www.native-instruments.com/en/products/komplete/synths/reaktor-6/
403,https://www.native-instruments.com/en/products/maschine/production-systems/maschine/
403,https://www.native-instruments.com/en/products/traktor/dj-controllers/traktor-kontrol-s3/
403,https://www.oecd.org/en/topics/sub-issues/ai-and-the-future-of-work.html
403,https://www.perplexity.ai/
403,https://www.pointblankmusicschool.com/
403,https://www.pointblankmusicschool.com/courses/online/music-production-courses/ableton-live-in-depth/
403,https://www.sap.com/products/technology-platform/data-services.html
403,https://www.scholarcy.com/
403,https://www.science.org/content/article/placing-light-hold
403,https://www.skillshare.com/
403,https://www.skillshare.com/en/browse/ableton-live
403,https://www.sonicacademy.com/
403,https://www.sonicacademy.com/courses/software/cubase
403,https://www.sonicacademy.com/products/ana-2
403,https://www.sonicacademy.com/products/kick-2
403,https://www.tesla.com/
403,https://www.tesla.com/AI
403,https://www.tesla.com/en_gb/AI
403,https://www.tesla.com/optimus
403,https://www.tipranks.com/news/private-companies/databricks-expands-enterprise-ai-capabilities-with-anthropic-claude-opus-4-7-integration
403,https://www.udacity.com/course/data-engineer-nanodegree--nd027/
403,https://www.udacity.com/course/intro-to-artificial-intelligence--cs271/
403,https://www.udemy.com/
403,https://www.udemy.com/course/ableton-live-11-course/
403,https://www.udemy.com/course/artificial-intelligence-ars/
403,https://www.udemy.com/course/artificial-intelligence-az/
403,https://www.udemy.com/course/artificial-intelligence-in-unity/
403,https://www.udemy.com/course/artificial-intelligence-masterclass/
403,https://www.udemy.com/course/artificial-intelligence-reinforcement-learning-in-python/
403,https://www.udemy.com/course/aws-machine-learning/
403,https://www.udemy.com/course/blockchain-and-bitcoin-fundamentals/
403,https://www.udemy.com/course/blockchain-developer/
403,https://www.udemy.com/course/build-your-blockchain-az/
403,https://www.udemy.com/course/confidence-course/
403,https://www.udemy.com/course/data-engineering-using-kafka-and-spark-structured-streaming/
403,https://www.udemy.com/course/databricks-certified-data-engineer-associate/
403,https://www.udemy.com/course/databricks-certified-data-engineer-professional/
403,https://www.udemy.com/course/docker-and-kubernetes-the-complete-guide/
403,https://www.udemy.com/course/docker-mastery/
403,https://www.udemy.com/course/learn-devops-the-complete-kubernetes-course/
403,https://www.udemy.com/course/logicproxintro/
403,https://www.udemy.com/course/taming-big-data-with-apache-spark-hands-on/
403,https://www.udemy.com/course/the-complete-personal-development-course/
403,https://www.udemy.com/course/the-complete-ubuntu-linux-server-administration-course/
403,https://www.udemy.com/course/thecompletelogicprox/
403,https://www.udemy.com/course/unofficial-shift-your-confidence-and-self-esteem-complete-udemy-course/
403,https://www.udemy.com/user/tomas-george/
403,https://www.vonage.com/communications-apis/voice/
403,https://www.weforum.org/publications/the-future-of-jobs-report-2025/
403,https://www.whizlabs.com/
403,https://www.whizlabs.com/advanced-azure-devops-and-aks-patterns-for-scalable-solutions/
403,https://www.whizlabs.com/aws-developer-associate/
403,https://www.whizlabs.com/aws-solutions-architect-associate/
403,https://www.whizlabs.com/aws-sysops-administrator-associate/
403,https://www.whizlabs.com/databricks-certified-associate-developer-apache-spark/
403,https://www.whizlabs.com/databricks-certified-data-analyst-associate/
403,https://www.whizlabs.com/databricks-certified-data-engineer-associate/
403,https://www.whizlabs.com/databricks-certified-data-engineer-professional/
403,https://www.whizlabs.com/databricks-certified-machine-learning-associate/
403,https://www.whizlabs.com/databricks-certified-machine-learning-professional-certification/
403,https://www.whizlabs.com/deploying-microservices-to-kubernetes-using-azure-devops/
403,https://www.whizlabs.com/hashicorp-certified-consul-associate/
403,https://www.whizlabs.com/hashicorp-certified-terraform-associate/
403,https://www.whizlabs.com/hashicorp-certified-vault-associate/
403,https://www.whizlabs.com/learn/course/apache-kafka-fundamentals/297/
403,https://www.whizlabs.com/learn/course/aws-certified-machine-learning-specialty/281/
403,https://www.whizlabs.com/learn/course/data-science-with-python/379/
403,https://www.whizlabs.com/learn/course/snowflake-snowpro-core-certification/384/
403,https://www.whizlabs.com/learn/course/tensorflow-for-deep-learning-with-python/1117/
403,https://www.yamahamusiclondon.com/Grand-Piano-214VC/pidP214VCSP
403,https://x.ai/
403,https://x.ai/api
403,https://x.ai/grok
403,https://x.ai/news/grok-stt-and-tts-apis
406,https://www.bax-shop.co.uk/grooveboxes/elektron-digitakt-ii-drum-machine-goovebox
429,https://apps.apple.com/gb/app/arp-odyssei/id1147432809
429,https://apps.apple.com/gb/app/korg-ielectribe-for-iphone/id1006939067
429,https://apps.apple.com/gb/app/korg-iwavestation/id1118072618
429,https://apps.apple.com/gb/app/korg-module-pro/id932191687
429,https://apps.apple.com/gb/developer/ampify-music/id321949338
429,https://apps.apple.com/gb/developer/intua/id285413818
429,https://apps.apple.com/us/app/jam-with-jordan/id1524167609
429,https://apps.apple.com/us/app/korg-gadget-2/id791077159
429,https://apps.apple.com/us/app/saga-synth-16-bit-super-fun/id1658167569
429,https://apps.apple.com/us/developer/korg-inc/id363714046
429,https://apps.apple.com/us/developer/kv331-audio/id944155925
429,https://hashiconf.com/
429,https://www.blueorigin.com/
429,https://www.classcentral.com/subject/ai/
429,https://www.classcentral.com/subject/apache-kafka
429,https://www.classcentral.com/subject/chatgpt/
429,https://www.grayscale.com/
429,https://www.hashicorp.com/blog
429,https://www.orbitalreef.com/
429,https://www.pluralsight.com/paths/aws-networking/
429,https://www.pluralsight.com/paths/certified-kubernetes-security-specialist-cks/
429,https://www.pluralsight.com/paths/docker-fundamentals-for-developers/
429,https://www.pluralsight.com/paths/lpic-2/
429,https://www.pluralsight.com/paths/lpic-one/
429,https://www.pluralsight.com/paths/rhcsa-red-hat-certified-system-administrator-ex200/
503,https://devopsforum.uk/
999,https://www.linkedin.com/in/ross-jonathan/
